Keyword Phrase,Meta Title,Meta Description,Landing Page H1,Landing Page Content
"Best Kitchen & Bath Remodeling, Custom Closets, Countertops & Cabinets in Westchester County NY","Best Kitchen & Bath Remodeling, Custom Closets, Countertops ...","Get expert best kitchen & bath remodeling, custom closets, countertops & cabinets in westchester county ny. Affordable prices, quality craftsmanship, and fast service in all of Westchester County NY.","Best Kitchen & Bath Remodeling, Custom Closets, Countertops & Cabinets in Westchester County NY","Looking for best kitchen & bath remodeling, custom closets, countertops & cabinets in westchester county ny? You've come to the right place. We specialize in full-service renovations including kitchens, bathrooms, closets, countertops, media walls, and fireplaces throughout Westchester County NY. Our team delivers affordable, high-quality craftsmanship with custom solutions tailored to your home. Get a free estimate today and see why we're Westchester’s #1 renovation company."
Kitchen and bathroom remodeling experts Westchester NY,Kitchen and bathroom remodeling experts Westchester NY,"Get expert kitchen and bathroom remodeling experts westchester ny. Affordable prices, quality craftsmanship, and fast service in all of Westchester County NY.",Kitchen and bathroom remodeling experts Westchester NY,"Looking for kitchen and bathroom remodeling experts westchester ny? You've come to the right place. We specialize in full-service renovations including kitchens, bathrooms, closets, countertops, media walls, and fireplaces throughout Westchester County NY. Our team delivers affordable, high-quality craftsmanship with custom solutions tailored to your home. Get a free estimate today and see why we're Westchester’s #1 renovation company."
Custom closet systems and storage design Westchester County,Custom closet systems and storage design Westchester County,"Get expert custom closet systems and storage design westchester county. Affordable prices, quality craftsmanship, and fast service in all of Westchester County NY.",Custom closet systems and storage design Westchester County,"Looking for custom closet systems and storage design westchester county? You've come to the right place. We specialize in full-service renovations including kitchens, bathrooms, closets, countertops, media walls, and fireplaces throughout Westchester County NY. Our team delivers affordable, high-quality craftsmanship with custom solutions tailored to your home. Get a free estimate today and see why we're Westchester’s #1 renovation company."
Countertop manufacturer and fabricator Westchester NY,Countertop manufacturer and fabricator Westchester NY,"Get expert countertop manufacturer and fabricator westchester ny. Affordable prices, quality craftsmanship, and fast service in all of Westchester County NY.",Countertop manufacturer and fabricator Westchester NY,"Looking for countertop manufacturer and fabricator westchester ny? You've come to the right place. We specialize in full-service renovations including kitchens, bathrooms, closets, countertops, media walls, and fireplaces throughout Westchester County NY. Our team delivers affordable, high-quality craftsmanship with custom solutions tailored to your home. Get a free estimate today and see why we're Westchester’s #1 renovation company."
Kitchen cabinet showroom and sales Westchester NY,Kitchen cabinet showroom and sales Westchester NY,"Get expert kitchen cabinet showroom and sales westchester ny. Affordable prices, quality craftsmanship, and fast service in all of Westchester County NY.",Kitchen cabinet showroom and sales Westchester NY,"Looking for kitchen cabinet showroom and sales westchester ny? You've come to the right place. We specialize in full-service renovations including kitchens, bathrooms, closets, countertops, media walls, and fireplaces throughout Westchester County NY. Our team delivers affordable, high-quality craftsmanship with custom solutions tailored to your home. Get a free estimate today and see why we're Westchester’s #1 renovation company."
Bathroom vanity sales and installation Westchester County NY,Bathroom vanity sales and installation Westchester County NY,"Get expert bathroom vanity sales and installation westchester county ny. Affordable prices, quality craftsmanship, and fast service in all of Westchester County NY.",Bathroom vanity sales and installation Westchester County NY,"Looking for bathroom vanity sales and installation westchester county ny? You've come to the right place. We specialize in full-service renovations including kitchens, bathrooms, closets, countertops, media walls, and fireplaces throughout Westchester County NY. Our team delivers affordable, high-quality craftsmanship with custom solutions tailored to your home. Get a free estimate today and see why we're Westchester’s #1 renovation company."
Modern fireplace walls and built-ins Westchester NY,Modern fireplace walls and built-ins Westchester NY,"Get expert modern fireplace walls and built-ins westchester ny. Affordable prices, quality craftsmanship, and fast service in all of Westchester County NY.",Modern fireplace walls and built-ins Westchester NY,"Looking for modern fireplace walls and built-ins westchester ny? You've come to the right place. We specialize in full-service renovations including kitchens, bathrooms, closets, countertops, media walls, and fireplaces throughout Westchester County NY. Our team delivers affordable, high-quality craftsmanship with custom solutions tailored to your home. Get a free estimate today and see why we're Westchester’s #1 renovation company."
Media wall design and installation Westchester County NY,Media wall design and installation Westchester County NY,"Get expert media wall design and installation westchester county ny. Affordable prices, quality craftsmanship, and fast service in all of Westchester County NY.",Media wall design and installation Westchester County NY,"Looking for media wall design and installation westchester county ny? You've come to the right place. We specialize in full-service renovations including kitchens, bathrooms, closets, countertops, media walls, and fireplaces throughout Westchester County NY. Our team delivers affordable, high-quality craftsmanship with custom solutions tailored to your home. Get a free estimate today and see why we're Westchester’s #1 renovation company."
"Top-rated renovation company in Scarsdale, White Plains, and Yonkers","Top-rated renovation company in Scarsdale, White Plains, and...","Get expert top-rated renovation company in scarsdale, white plains, and yonkers. Affordable prices, quality craftsmanship, and fast service in all of Westchester County NY.","Top-rated renovation company in Scarsdale, White Plains, and Yonkers","Looking for top-rated renovation company in scarsdale, white plains, and yonkers? You've come to the right place. We specialize in full-service renovations including kitchens, bathrooms, closets, countertops, media walls, and fireplaces throughout Westchester County NY. Our team delivers affordable, high-quality craftsmanship with custom solutions tailored to your home. Get a free estimate today and see why we're Westchester’s #1 renovation company."
Affordable kitchen remodeling near me Westchester NY,Affordable kitchen remodeling near me Westchester NY,"Get expert affordable kitchen remodeling near me westchester ny. Affordable prices, quality craftsmanship, and fast service in all of Westchester County NY.",Affordable kitchen remodeling near me Westchester NY,"Looking for affordable kitchen remodeling near me westchester ny? You've come to the right place. We specialize in full-service renovations including kitchens, bathrooms, closets, countertops, media walls, and fireplaces throughout Westchester County NY. Our team delivers affordable, high-quality craftsmanship with custom solutions tailored to your home. Get a free estimate today and see why we're Westchester’s #1 renovation company."
Luxury bath renovation and vanities Westchester County,Luxury bath renovation and vanities Westchester County,"Get expert luxury bath renovation and vanities westchester county. Affordable prices, quality craftsmanship, and fast service in all of Westchester County NY.",Luxury bath renovation and vanities Westchester County,"Looking for luxury bath renovation and vanities westchester county? You've come to the right place. We specialize in full-service renovations including kitchens, bathrooms, closets, countertops, media walls, and fireplaces throughout Westchester County NY. Our team delivers affordable, high-quality craftsmanship with custom solutions tailored to your home. Get a free estimate today and see why we're Westchester’s #1 renovation company."
Custom closets and cabinet design Mount Kisco to New Rochelle,Custom closets and cabinet design Mount Kisco to New Rochell...,"Get expert custom closets and cabinet design mount kisco to new rochelle. Affordable prices, quality craftsmanship, and fast service in all of Westchester County NY.",Custom closets and cabinet design Mount Kisco to New Rochelle,"Looking for custom closets and cabinet design mount kisco to new rochelle? You've come to the right place. We specialize in full-service renovations including kitchens, bathrooms, closets, countertops, media walls, and fireplaces throughout Westchester County NY. Our team delivers affordable, high-quality craftsmanship with custom solutions tailored to your home. Get a free estimate today and see why we're Westchester’s #1 renovation company."
"Granite, quartz & marble countertops Westchester NY fabricators","Granite, quartz & marble countertops Westchester NY fabricat...","Get expert granite, quartz & marble countertops westchester ny fabricators. Affordable prices, quality craftsmanship, and fast service in all of Westchester County NY.","Granite, quartz & marble countertops Westchester NY fabricators","Looking for granite, quartz & marble countertops westchester ny fabricators? You've come to the right place. We specialize in full-service renovations including kitchens, bathrooms, closets, countertops, media walls, and fireplaces throughout Westchester County NY. Our team delivers affordable, high-quality craftsmanship with custom solutions tailored to your home. Get a free estimate today and see why we're Westchester’s #1 renovation company."
Where to buy kitchen cabinets in Westchester NY,Where to buy kitchen cabinets in Westchester NY,"Get expert where to buy kitchen cabinets in westchester ny. Affordable prices, quality craftsmanship, and fast service in all of Westchester County NY.",Where to buy kitchen cabinets in Westchester NY,"Looking for where to buy kitchen cabinets in westchester ny? You've come to the right place. We specialize in full-service renovations including kitchens, bathrooms, closets, countertops, media walls, and fireplaces throughout Westchester County NY. Our team delivers affordable, high-quality craftsmanship with custom solutions tailored to your home. Get a free estimate today and see why we're Westchester’s #1 renovation company."
Best company for bathroom remodel in Westchester,Best company for bathroom remodel in Westchester,"Get expert best company for bathroom remodel in westchester. Affordable prices, quality craftsmanship, and fast service in all of Westchester County NY.",Best company for bathroom remodel in Westchester,"Looking for best company for bathroom remodel in westchester? You've come to the right place. We specialize in full-service renovations including kitchens, bathrooms, closets, countertops, media walls, and fireplaces throughout Westchester County NY. Our team delivers affordable, high-quality craftsmanship with custom solutions tailored to your home. Get a free estimate today and see why we're Westchester’s #1 renovation company."
Custom closet design and install near me,Custom closet design and install near me,"Get expert custom closet design and install near me. Affordable prices, quality craftsmanship, and fast service in all of Westchester County NY.",Custom closet design and install near me,"Looking for custom closet design and install near me? You've come to the right place. We specialize in full-service renovations including kitchens, bathrooms, closets, countertops, media walls, and fireplaces throughout Westchester County NY. Our team delivers affordable, high-quality craftsmanship with custom solutions tailored to your home. Get a free estimate today and see why we're Westchester’s #1 renovation company."
Countertop fabrication with installation included Westchester NY,Countertop fabrication with installation included Westcheste...,"Get expert countertop fabrication with installation included westchester ny. Affordable prices, quality craftsmanship, and fast service in all of Westchester County NY.",Countertop fabrication with installation included Westchester NY,"Looking for countertop fabrication with installation included westchester ny? You've come to the right place. We specialize in full-service renovations including kitchens, bathrooms, closets, countertops, media walls, and fireplaces throughout Westchester County NY. Our team delivers affordable, high-quality craftsmanship with custom solutions tailored to your home. Get a free estimate today and see why we're Westchester’s #1 renovation company."
Built-in media wall with fireplace Westchester County NY,Built-in media wall with fireplace Westchester County NY,"Get expert built-in media wall with fireplace westchester county ny. Affordable prices, quality craftsmanship, and fast service in all of Westchester County NY.",Built-in media wall with fireplace Westchester County NY,"Looking for built-in media wall with fireplace westchester county ny? You've come to the right place. We specialize in full-service renovations including kitchens, bathrooms, closets, countertops, media walls, and fireplaces throughout Westchester County NY. Our team delivers affordable, high-quality craftsmanship with custom solutions tailored to your home. Get a free estimate today and see why we're Westchester’s #1 renovation company."
